,사고번호,사고일시,요일,시군구,사고내용,사망자수,중상자수,경상자수,부상신고자수,사고유형,법규위반,노면상태,기상상태,도로형태,가해운전자 차종,가해운전자 성별,가해운전자 연령,가해운전자 상해정도,피해운전자 차종,피해운전자 성별,피해운전자 연령,피해운전자 상해정도
341,2018022500100009,2018년 2월 25일 00시,일요일,경상남도 진주시 평거동,중상사고,0,1,0,0,차대사람 - 횡단중,안전운전불이행,포장 - 건조,맑음,단일로 - 기타,승용,남,25세,상해없음,보행자,남,31세,중상
342,2018022500100068,2018년 2월 25일 05시,일요일,경상남도 김해시 동상동,중상사고,0,1,0,0,차대사람 - 횡단중,안전운전불이행,포장 - 건조,맑음,교차로 - 교차로안,화물,남,55세,상해없음,보행자,남,87세,중상
343,2018022500100125,2018년 2월 25일 10시,일요일,경상남도 양산시 신기동,경상사고,0,0,1,0,차대사람 - 기타,안전운전불이행,포장 - 건조,맑음,교차로 - 교차로안,승용,남,35세,상해없음,보행자,여,48세,경상
344,2018022500100319,2018년 2월 25일 19시,일요일,경상남도 창원시 마산합포구 산호동,중상사고,0,1,2,0,차대사람 - 횡단중,안전운전불이행,포장 - 건조,맑음,교차로 - 교차로부근,승용,남,50세,상해없음,보행자,여,58세,중상
345,2018022500100339,2018년 2월 25일 20시,일요일,경상남도 진주시 진성면,사망사고,1,0,0,0,차대사람 - 기타,보행자보호의무위반,포장 - 건조,맑음,교차로 - 교차로안,승용,남,49세,상해없음,보행자,남,54세,사망
346,2018022600100057,2018년 2월 26일 06시,월요일,경상남도 양산시 북정동,경상사고,0,0,1,0,차대사람 - 기타,안전운전불이행,포장 - 건조,맑음,단일로 - 기타,기타불명,기타불명,미분류,기타불명,보행자,남,58세,경상
347,2018022600100077,2018년 2월 26일 07시,월요일,경상남도 진주시 주약동,중상사고,0,1,0,0,차대사람 - 횡단중,안전운전불이행,포장 - 건조,맑음,단일로 - 기타,승용,남,34세,상해없음,보행자,여,81세,중상
348,2018022700100085,2018년 2월 27일 08시,화요일,경상남도 양산시 동면,중상사고,0,1,0,0,차대사람 - 기타,안전운전불이행,포장 - 건조,맑음,단일로 - 기타,승용,남,37세,상해없음,보행자,여,55세,중상
349,2018022700100195,2018년 2월 27일 12시,화요일,경상남도 김해시 삼방동,경상사고,0,0,1,0,차대사람 - 횡단중,보행자보호의무위반,포장 - 건조,맑음,교차로 - 교차로부근,화물,남,48세,상해없음,보행자,여,9세,경상
350,2018022700100379,2018년 2월 27일 18시,화요일,경상남도 거제시 옥포동,중상사고,0,1,0,0,차대사람 - 차도통행중,안전운전불이행,포장 - 건조,맑음,단일로 - 기타,승용,남,28세,상해없음,보행자,남,65세,중상
351,2018022700100500,2018년 2월 27일 21시,화요일,경상남도 창원시 의창구 소답동,중상사고,0,1,0,0,차대사람 - 기타,안전운전불이행,포장 - 건조,맑음,단일로 - 기타,승용,남,28세,상해없음,보행자,여,50세,중상
352,2018022700100528,2018년 2월 27일 22시,화요일,경상남도 통영시 중앙동,중상사고,0,1,0,0,차대사람 - 횡단중,보행자보호의무위반,포장 - 건조,맑음,교차로 - 교차로횡단보도내,승용,남,35세,상해없음,보행자,남,56세,중상
353,2018022700100530,2018년 2월 27일 22시,화요일,경상남도 창원시 의창구 봉곡동,경상사고,0,0,1,0,차대사람 - 길가장자리구역통행중,안전운전불이행,포장 - 건조,맑음,단일로 - 기타,승용,여,50세,상해없음,보행자,여,39세,경상
354,2018022700100559,2018년 2월 27일 23시,화요일,경상남도 창원시 마산회원구 회원동,중상사고,0,1,0,0,차대사람 - 횡단중,안전운전불이행,포장 - 건조,맑음,단일로 - 기타,승용,남,73세,상해없음,보행자,여,37세,중상
355,2018022800100141,2018년 2월 28일 10시,수요일,경상남도 함안군 군북면,중상사고,0,1,0,0,차대사람 - 길가장자리구역통행중,보행자보호의무위반,포장 - 건조,흐림,교차로 - 교차로안,승용,남,35세,상해없음,보행자,남,83세,중상
356,2018022800100235,2018년 2월 28일 13시,수요일,경상남도 함안군 가야읍,중상사고,0,1,0,0,차대사람 - 횡단중,보행자보호의무위반,포장 - 젖음/습기,비,단일로 - 기타,화물,남,60세,상해없음,보행자,여,77세,중상
357,2018022800100317,2018년 2월 28일 15시,수요일,경상남도 함양군 함양읍,경상사고,0,0,2,0,차대사람 - 횡단중,안전운전불이행,포장 - 건조,맑음,단일로 - 기타,승용,여,55세,상해없음,보행자,여,9세,경상
358,2018022800100461,2018년 2월 28일 18시,수요일,경상남도 김해시 부곡동,중상사고,0,1,0,0,차대사람 - 횡단중,안전운전불이행,포장 - 건조,맑음,단일로 - 기타,승용,남,76세,상해없음,보행자,여,56세,중상
359,2018022800100532,2018년 2월 28일 19시,수요일,경상남도 거제시 아주동,경상사고,0,0,1,0,차대사람 - 횡단중,보행자보호의무위반,포장 - 젖음/습기,비,교차로 - 교차로부근,이륜,남,39세,상해없음,보행자,여,52세,경상
360,2018022800100585,2018년 2월 28일 20시,수요일,경상남도 거창군 웅양면,중상사고,0,1,0,0,차대사람 - 횡단중,안전운전불이행,포장 - 젖음/습기,비,단일로 - 기타,승용,여,49세,상해없음,보행자,남,81세,중상
361,2018022800100586,2018년 2월 28일 20시,수요일,경상남도 창원시 마산회원구 양덕동,경상사고,0,0,1,0,차대사람 - 길가장자리구역통행중,안전운전불이행,포장 - 젖음/습기,비,단일로 - 기타,승용,남,57세,상해없음,보행자,남,54세,경상
362,2018022800100650,2018년 2월 28일 21시,수요일,경상남도 양산시 중부동,중상사고,0,1,0,0,차대사람 - 횡단중,안전운전불이행,포장 - 젖음/습기,비,단일로 - 기타,이륜,남,18세,상해없음,보행자,여,45세,중상
363,2018022800100651,2018년 2월 28일 21시,수요일,경상남도 양산시 물금읍,중상사고,0,1,0,0,차대사람 - 보도통행중,안전운전불이행,포장 - 젖음/습기,비,교차로 - 교차로횡단보도내,이륜,남,18세,상해없음,보행자,남,20세,중상
364,2018030100100027,2018년 3월 1일 00시,목요일,경상남도 사천시 사천읍,중상사고,0,1,0,0,차대사람 - 차도통행중,안전운전불이행,포장 - 젖음/습기,흐림,단일로 - 기타,승용,남,58세,상해없음,보행자,남,45세,중상
365,2018030100100082,2018년 3월 1일 03시,목요일,경상남도 김해시 삼정동,경상사고,0,0,1,0,차대사람 - 길가장자리구역통행중,안전운전불이행,포장 - 건조,맑음,교차로 - 교차로안,승용,남,57세,상해없음,보행자,여,36세,경상
366,2018030100100424,2018년 3월 1일 19시,목요일,경상남도 거제시 상동동,경상사고,0,0,2,0,차대사람 - 기타,안전운전불이행,포장 - 건조,맑음,단일로 - 기타,이륜,남,43세,경상,보행자,여,7세,경상
367,2018030100100466,2018년 3월 1일 21시,목요일,경상남도 창원시 마산합포구 자산동,중상사고,0,1,0,0,차대사람 - 차도통행중,안전운전불이행,포장 - 건조,맑음,교차로 - 교차로안,승용,남,32세,상해없음,보행자,남,43세,중상
368,2018030200100010,2018년 3월 2일 00시,금요일,경상남도 창원시 의창구 봉곡동,경상사고,0,0,1,0,차대사람 - 차도통행중,안전운전불이행,포장 - 건조,맑음,단일로 - 기타,승용,남,49세,상해없음,보행자,남,53세,경상
369,2018030200100098,2018년 3월 2일 08시,금요일,경상남도 양산시 소주동,경상사고,0,0,1,1,차대사람 - 기타,안전운전불이행,포장 - 건조,맑음,교차로 - 교차로안,승용,남,86세,경상,보행자,여,4세,부상신고
370,2018030200100100,2018년 3월 2일 08시,금요일,경상남도 거제시 장평동,중상사고,0,1,0,0,차대사람 - 횡단중,보행자보호의무위반,포장 - 건조,맑음,교차로 - 교차로부근,승용,남,68세,상해없음,보행자,남,14세,중상
371,2018030200100131,2018년 3월 2일 09시,금요일,경상남도 거제시 고현동,중상사고,0,1,0,0,차대사람 - 횡단중,보행자보호의무위반,포장 - 건조,맑음,교차로 - 교차로안,화물,남,49세,상해없음,보행자,남,69세,중상
372,2018030200100189,2018년 3월 2일 11시,금요일,경상남도 거제시 고현동,경상사고,0,0,1,0,차대사람 - 횡단중,안전운전불이행,포장 - 건조,맑음,교차로 - 교차로부근,승용,남,52세,상해없음,보행자,남,51세,경상
373,2018030200100330,2018년 3월 2일 15시,금요일,경상남도 통영시 도천동,경상사고,0,0,1,0,차대사람 - 기타,안전운전불이행,포장 - 건조,맑음,교차로 - 교차로부근,승합,남,61세,상해없음,보행자,여,63세,경상
374,2018030200100420,2018년 3월 2일 17시,금요일,경상남도 양산시 삼호동,경상사고,0,0,1,0,차대사람 - 기타,안전운전불이행,포장 - 건조,맑음,기타 - 기타,승용,남,55세,상해없음,보행자,남,44세,경상
375,2018030200100421,2018년 3월 2일 17시,금요일,경상남도 창원시 성산구 대방동,중상사고,0,1,0,0,차대사람 - 차도통행중,안전운전불이행,포장 - 건조,맑음,단일로 - 기타,승용,남,41세,상해없음,보행자,여,10세,중상
376,2018030200100466,2018년 3월 2일 18시,금요일,경상남도 양산시 소주동,경상사고,0,0,1,0,차대사람 - 횡단중,보행자보호의무위반,포장 - 건조,맑음,단일로 - 기타,승용,여,64세,상해없음,보행자,여,50세,경상
377,2018030200100504,2018년 3월 2일 19시,금요일,경상남도 통영시 무전동,경상사고,0,0,1,0,차대사람 - 횡단중,안전운전불이행,포장 - 건조,맑음,단일로 - 기타,화물,남,26세,상해없음,보행자,남,50세,경상
378,2018030200100534,2018년 3월 2일 20시,금요일,경상남도 진주시 신안동,중상사고,0,1,0,0,차대사람 - 횡단중,안전운전불이행,포장 - 건조,맑음,단일로 - 고가도로위,승용,여,44세,상해없음,보행자,여,65세,중상
379,2018030200100535,2018년 3월 2일 20시,금요일,경상남도 사천시 신벽동,중상사고,0,1,0,0,차대사람 - 길가장자리구역통행중,안전운전불이행,포장 - 건조,맑음,단일로 - 기타,승용,남,38세,상해없음,보행자,남,81세,중상
380,2018030200100586,2018년 3월 2일 22시,금요일,경상남도 창원시 성산구 사파동,부상신고사고,0,0,0,1,차대사람 - 차도통행중,안전운전불이행,포장 - 건조,맑음,단일로 - 기타,이륜,남,18세,상해없음,보행자,남,55세,부상신고
381,2018030300100248,2018년 3월 3일 14시,토요일,경상남도 산청군 금서면,중상사고,0,1,0,0,차대사람 - 길가장자리구역통행중,안전운전불이행,포장 - 건조,맑음,단일로 - 기타,승합,남,58세,상해없음,보행자,여,63세,중상
382,2018030300100304,2018년 3월 3일 16시,토요일,경상남도 창원시 마산합포구 중앙동2가,경상사고,0,0,1,0,차대사람 - 기타,기타,포장 - 건조,맑음,단일로 - 기타,자전거,남,10세,상해없음,보행자,여,68세,경상
383,2018030300100333,2018년 3월 3일 17시,토요일,경상남도 거제시 상동동,경상사고,0,0,1,0,차대사람 - 횡단중,보행자보호의무위반,포장 - 건조,맑음,단일로 - 기타,승용,남,36세,상해없음,보행자,남,8세,경상
384,2018030300100334,2018년 3월 3일 17시,토요일,경상남도 거제시 덕포동,사망사고,1,0,0,0,차대사람 - 횡단중,과속,포장 - 건조,맑음,단일로 - 기타,승용,남,38세,상해없음,보행자,여,61세,사망
385,2018030300100403,2018년 3월 3일 19시,토요일,경상남도 창원시 성산구 상남동,중상사고,0,1,0,0,차대사람 - 횡단중,보행자보호의무위반,포장 - 건조,맑음,단일로 - 기타,승용,남,31세,상해없음,보행자,남,70세,중상
386,2018030300100430,2018년 3월 3일 20시,토요일,경상남도 거제시 상동동,중상사고,0,1,1,0,차대사람 - 차도통행중,안전운전불이행,포장 - 건조,맑음,단일로 - 기타,이륜,남,20세,경상,보행자,남,49세,중상
387,2018030400100043,2018년 3월 4일 02시,일요일,경상남도 양산시 북부동,경상사고,0,0,1,0,차대사람 - 기타,안전운전불이행,포장 - 건조,맑음,교차로 - 교차로부근,승용,남,51세,상해없음,보행자,남,46세,경상
388,2018030400100138,2018년 3월 4일 10시,일요일,경상남도 거제시 둔덕면,경상사고,0,0,1,0,차대사람 - 기타,안전운전불이행,포장 - 건조,맑음,단일로 - 기타,화물,남,73세,상해없음,보행자,남,80세,경상
389,2018030400100291,2018년 3월 4일 18시,일요일,경상남도 김해시 삼문동,경상사고,0,0,1,0,차대사람 - 횡단중,안전운전불이행,포장 - 건조,맑음,단일로 - 기타,승용,남,51세,상해없음,보행자,남,50세,경상
390,2018030400100341,2018년 3월 4일 20시,일요일,경상남도 창원시 진해구 용원동,경상사고,0,0,1,0,차대사람 - 길가장자리구역통행중,안전운전불이행,포장 - 젖음/습기,비,단일로 - 기타,이륜,남,25세,상해없음,보행자,남,14세,경상
391,2018030400100343,2018년 3월 4일 20시,일요일,경상남도 창녕군 남지읍,사망사고,1,1,0,0,차대사람 - 기타,중앙선침범,포장 - 젖음/습기,비,교차로 - 교차로부근,승용,남,28세,상해없음,보행자,남,63세,사망
392,2018030400100382,2018년 3월 4일 21시,일요일,경상남도 창원시 마산합포구 해운동,경상사고,0,0,1,0,차대사람 - 기타,보행자보호의무위반,포장 - 젖음/습기,비,단일로 - 기타,승합,남,60세,상해없음,보행자,여,24세,경상
393,2018030400100425,2018년 3월 4일 22시,일요일,경상남도 김해시 삼정동,경상사고,0,0,1,0,차대사람 - 횡단중,안전운전불이행,포장 - 젖음/습기,비,단일로 - 기타,승용,남,47세,기타불명,보행자,남,36세,경상
394,2018030500100078,2018년 3월 5일 06시,월요일,경상남도 고성군 거류면,중상사고,0,1,0,0,차대사람 - 횡단중,안전운전불이행,포장 - 젖음/습기,비,단일로 - 기타,승용,남,50세,상해없음,보행자,여,56세,중상
395,2018030500100181,2018년 3월 5일 10시,월요일,경상남도 창원시 의창구 동읍,경상사고,0,0,1,0,차대사람 - 기타,안전운전불이행,포장 - 건조,맑음,단일로 - 기타,승용,남,46세,상해없음,보행자,여,79세,경상
396,2018030500100355,2018년 3월 5일 16시,월요일,경상남도 창원시 마산회원구 석전동,중상사고,0,1,0,0,차대사람 - 횡단중,안전운전불이행,포장 - 건조,맑음,단일로 - 기타,승용,남,54세,상해없음,보행자,남,80세,중상
397,2018030500100383,2018년 3월 5일 17시,월요일,경상남도 진주시 계동,중상사고,0,1,0,0,차대사람 - 기타,안전운전불이행,포장 - 건조,맑음,교차로 - 교차로안,승용,여,26세,상해없음,보행자,남,72세,중상
398,2018030500100407,2018년 3월 5일 18시,월요일,경상남도 양산시 삼호동,중상사고,0,1,0,0,차대사람 - 길가장자리구역통행중,안전운전불이행,포장 - 건조,맑음,교차로 - 교차로부근,승용,여,31세,상해없음,보행자,여,78세,중상
399,2018030500100469,2018년 3월 5일 20시,월요일,경상남도 창원시 성산구 성주동,경상사고,0,0,2,0,차대사람 - 횡단중,안전운전불이행,포장 - 건조,맑음,단일로 - 기타,이륜,남,27세,상해없음,보행자,여,50세,경상
400,2018030500100496,2018년 3월 5일 21시,월요일,경상남도 남해군 서면,중상사고,0,1,0,0,차대사람 - 차도통행중,안전운전불이행,포장 - 건조,흐림,교차로 - 교차로안,승용,남,32세,상해없음,보행자,남,84세,중상
401,2018030500100498,2018년 3월 5일 21시,월요일,경상남도 김해시 진영읍,중상사고,0,1,0,0,차대사람 - 횡단중,안전운전불이행,포장 - 건조,맑음,단일로 - 기타,이륜,남,37세,상해없음,보행자,남,69세,중상
402,2018030600100218,2018년 3월 6일 12시,화요일,경상남도 거제시 고현동,경상사고,0,0,1,0,차대사람 - 횡단중,안전운전불이행,포장 - 건조,맑음,교차로 - 교차로안,승용,여,34세,상해없음,보행자,남,40세,경상
403,2018030600100264,2018년 3월 6일 14시,화요일,경상남도 양산시 북부동,중상사고,0,1,0,0,차대사람 - 횡단중,보행자보호의무위반,포장 - 건조,맑음,교차로 - 교차로안,승용,여,39세,상해없음,보행자,여,58세,중상
404,2018030600100399,2018년 3월 6일 18시,화요일,경상남도 합천군 합천읍,사망사고,1,0,0,0,차대사람 - 횡단중,안전운전불이행,포장 - 건조,맑음,교차로 - 교차로부근,승용,여,50세,상해없음,보행자,여,80세,사망
405,2018030600100476,2018년 3월 6일 21시,화요일,경상남도 합천군 합천읍,경상사고,0,0,1,0,차대사람 - 길가장자리구역통행중,안전운전불이행,포장 - 건조,맑음,교차로 - 교차로부근,승용,여,59세,상해없음,보행자,여,55세,경상
406,2018030700100064,2018년 3월 7일 06시,수요일,경상남도 창원시 의창구 대원동,부상신고사고,0,0,0,1,차대사람 - 횡단중,안전운전불이행,포장 - 건조,맑음,교차로 - 교차로안,기타불명,기타불명,미분류,기타불명,보행자,남,58세,부상신고
407,2018030700100131,2018년 3월 7일 09시,수요일,경상남도 창녕군 남지읍,경상사고,0,0,1,0,차대사람 - 기타,안전운전불이행,포장 - 건조,맑음,교차로 - 교차로부근,승합,남,60세,상해없음,보행자,여,78세,경상
408,2018030700100132,2018년 3월 7일 09시,수요일,경상남도 창원시 성산구 상남동,중상사고,0,1,0,0,차대사람 - 보도통행중,안전운전불이행,포장 - 건조,맑음,교차로 - 교차로횡단보도내,승용,남,36세,상해없음,보행자,여,29세,중상
409,2018030700100242,2018년 3월 7일 14시,수요일,경상남도 김해시 삼정동,중상사고,0,1,0,0,차대사람 - 횡단중,안전운전불이행,포장 - 건조,맑음,교차로 - 교차로안,화물,남,62세,상해없음,보행자,여,76세,중상
410,2018030700100356,2018년 3월 7일 18시,수요일,경상남도 창원시 성산구 안민동,중상사고,0,1,0,0,차대사람 - 길가장자리구역통행중,안전운전불이행,포장 - 젖음/습기,비,단일로 - 기타,화물,남,62세,상해없음,보행자,남,49세,중상
411,2018030700100393,2018년 3월 7일 19시,수요일,경상남도 김해시 구산동,경상사고,0,0,1,0,차대사람 - 횡단중,안전운전불이행,포장 - 젖음/습기,비,교차로 - 교차로안,화물,남,56세,상해없음,보행자,남,54세,경상
412,2018030700100475,2018년 3월 7일 21시,수요일,경상남도 김해시 어방동,중상사고,0,1,0,0,차대사람 - 횡단중,보행자보호의무위반,포장 - 젖음/습기,비,교차로 - 교차로횡단보도내,승합,남,27세,상해없음,보행자,여,17세,중상
413,2018030700100476,2018년 3월 7일 21시,수요일,경상남도 양산시 상북면,경상사고,0,0,1,0,차대사람 - 횡단중,안전운전불이행,포장 - 젖음/습기,비,단일로 - 기타,승용,남,70세,상해없음,보행자,여,44세,경상
414,2018030700100477,2018년 3월 7일 21시,수요일,경상남도 창원시 의창구 팔용동,경상사고,0,0,1,0,차대사람 - 횡단중,안전운전불이행,포장 - 젖음/습기,비,단일로 - 기타,승합,남,42세,상해없음,보행자,남,44세,경상
415,2018030700100526,2018년 3월 7일 22시,수요일,경상남도 거제시 고현동,경상사고,0,0,1,0,차대사람 - 보도통행중,기타,포장 - 젖음/습기,비,단일로 - 기타,자전거,남,49세,상해없음,보행자,남,44세,경상
416,2018030700100528,2018년 3월 7일 22시,수요일,경상남도 창원시 의창구 도계동,경상사고,0,0,1,0,차대사람 - 횡단중,안전운전불이행,포장 - 젖음/습기,비,교차로 - 교차로부근,승용,남,35세,상해없음,보행자,여,64세,경상
417,2018030800100083,2018년 3월 8일 05시,목요일,경상남도 창원시 성산구 대방동,부상신고사고,0,0,0,1,차대사람 - 차도통행중,안전운전불이행,포장 - 젖음/습기,비,교차로 - 교차로횡단보도내,승용,남,57세,상해없음,보행자,남,23세,부상신고
418,2018030800100261,2018년 3월 8일 12시,목요일,경상남도 창원시 성산구 반림동,경상사고,0,0,1,0,차대사람 - 횡단중,안전운전불이행,포장 - 젖음/습기,비,단일로 - 기타,승용,남,58세,상해없음,보행자,여,21세,경상
419,2018030800100314,2018년 3월 8일 14시,목요일,경상남도 창원시 의창구 용호동,중상사고,0,1,0,0,차대사람 - 횡단중,신호위반,포장 - 젖음/습기,비,단일로 - 기타,승용,남,62세,상해없음,보행자,여,23세,중상
420,2018030800100428,2018년 3월 8일 19시,목요일,경상남도 거제시 일운면,경상사고,0,0,1,0,차대사람 - 기타,안전운전불이행,포장 - 건조,맑음,주차장 - 주차장,승용,여,38세,상해없음,보행자,남,68세,경상
421,2018030800100430,2018년 3월 8일 19시,목요일,경상남도 창원시 의창구 봉곡동,중상사고,0,1,0,0,차대사람 - 횡단중,신호위반,포장 - 건조,맑음,교차로 - 교차로횡단보도내,승용,남,54세,상해없음,보행자,남,69세,중상
422,2018030900100092,2018년 3월 9일 07시,금요일,경상남도 창원시 진해구 용원동,중상사고,0,1,0,0,차대사람 - 횡단중,신호위반,포장 - 건조,맑음,교차로 - 교차로안,화물,남,43세,상해없음,보행자,남,17세,중상
423,2018030900100124,2018년 3월 9일 08시,금요일,경상남도 창원시 마산합포구 진동면,경상사고,0,0,1,0,차대사람 - 길가장자리구역통행중,안전운전불이행,포장 - 건조,맑음,교차로 - 교차로부근,승용,남,59세,상해없음,보행자,여,10세,경상
424,2018030900100351,2018년 3월 9일 18시,금요일,경상남도 양산시 중부동,경상사고,0,0,1,0,차대사람 - 횡단중,안전운전불이행,포장 - 건조,맑음,단일로 - 기타,승용,남,21세,상해없음,보행자,남,21세,경상
425,2018030900100425,2018년 3월 9일 20시,금요일,경상남도 진주시 주약동,중상사고,0,1,0,0,차대사람 - 횡단중,안전운전불이행,포장 - 건조,맑음,교차로 - 교차로안,승용,남,64세,상해없음,보행자,남,56세,중상
426,2018030900100460,2018년 3월 9일 21시,금요일,경상남도 거제시 수월동,중상사고,0,1,0,0,차대사람 - 기타,안전운전불이행,포장 - 건조,맑음,교차로 - 교차로부근,승합,남,55세,상해없음,보행자,남,63세,중상
427,2018030900100528,2018년 3월 9일 23시,금요일,경상남도 창원시 성산구 상남동,중상사고,0,1,0,0,차대사람 - 횡단중,안전운전불이행,포장 - 건조,맑음,교차로 - 교차로안,승용,남,51세,상해없음,보행자,남,59세,중상
428,2018031000100158,2018년 3월 10일 09시,토요일,경상남도 창원시 진해구 석동,경상사고,0,0,1,0,차대사람 - 횡단중,안전운전불이행,포장 - 건조,맑음,교차로 - 교차로부근,승용,여,34세,상해없음,보행자,여,75세,경상
429,2018031000100229,2018년 3월 10일 12시,토요일,경상남도 진주시 하대동,경상사고,0,0,1,0,차대사람 - 기타,안전운전불이행,포장 - 건조,맑음,단일로 - 기타,승용,여,57세,상해없음,보행자,남,8세,경상
430,2018031000100259,2018년 3월 10일 13시,토요일,경상남도 김해시 부원동,중상사고,0,1,0,0,차대사람 - 횡단중,안전운전불이행,포장 - 건조,맑음,교차로 - 교차로부근,이륜,남,51세,상해없음,보행자,여,77세,중상
431,2018031000100358,2018년 3월 10일 16시,토요일,경상남도 김해시 구산동,경상사고,0,0,2,0,차대사람 - 횡단중,보행자보호의무위반,포장 - 건조,맑음,교차로 - 교차로횡단보도내,화물,남,29세,상해없음,보행자,남,58세,경상
432,2018031000100383,2018년 3월 10일 17시,토요일,경상남도 진주시 주약동,경상사고,0,0,1,0,차대사람 - 보도통행중,기타,포장 - 건조,맑음,기타 - 기타,승용,남,27세,상해없음,보행자,남,53세,경상
433,2018031000100407,2018년 3월 10일 18시,토요일,경상남도 창원시 마산합포구 구산면,중상사고,0,1,0,0,차대사람 - 길가장자리구역통행중,안전운전불이행,포장 - 건조,맑음,단일로 - 기타,승용,남,65세,상해없음,보행자,남,73세,중상
434,2018031000100410,2018년 3월 10일 18시,토요일,경상남도 통영시 북신동,부상신고사고,0,0,0,1,차대사람 - 횡단중,안전운전불이행,포장 - 건조,맑음,단일로 - 기타,승용,남,33세,상해없음,보행자,남,8세,부상신고
435,2018031000100453,2018년 3월 10일 19시,토요일,경상남도 통영시 문화동,사망사고,1,0,0,0,차대사람 - 횡단중,보행자보호의무위반,포장 - 건조,맑음,단일로 - 기타,승용,여,45세,상해없음,보행자,여,86세,사망
436,2018031000100454,2018년 3월 10일 19시,토요일,경상남도 함안군 칠서면,중상사고,0,1,0,0,차대사람 - 보도통행중,교차로운행방법위반,포장 - 건조,맑음,교차로 - 교차로안,승용,남,56세,상해없음,보행자,남,74세,중상
437,2018031000100486,2018년 3월 10일 20시,토요일,경상남도 창원시 의창구 북면,경상사고,0,0,1,0,차대사람 - 기타,안전운전불이행,포장 - 건조,맑음,단일로 - 기타,승용,남,48세,상해없음,보행자,남,34세,경상
438,2018031100100005,2018년 3월 11일 00시,일요일,경상남도 김해시 지내동,중상사고,0,1,0,0,차대사람 - 기타,안전운전불이행,포장 - 건조,맑음,교차로 - 교차로횡단보도내,승용,여,52세,상해없음,보행자,남,58세,중상
439,2018031100100060,2018년 3월 11일 04시,일요일,경상남도 김해시 삼방동,부상신고사고,0,0,0,3,차대사람 - 횡단중,안전운전불이행,포장 - 건조,맑음,단일로 - 기타,승용,남,60세,상해없음,보행자,남,22세,상해없음
440,2018031100100169,2018년 3월 11일 12시,일요일,경상남도 진주시 칠암동,경상사고,0,0,1,0,차대사람 - 횡단중,보행자보호의무위반,포장 - 건조,맑음,교차로 - 교차로안,승용,남,27세,상해없음,보행자,남,54세,경상
441,2018031100100233,2018년 3월 11일 15시,일요일,경상남도 창원시 진해구 석동,경상사고,0,0,1,0,차대사람 - 횡단중,보행자보호의무위반,포장 - 건조,맑음,교차로 - 교차로안,승용,남,64세,상해없음,보행자,여,17세,경상
442,2018031100100234,2018년 3월 11일 15시,일요일,경상남도 통영시 산양읍,중상사고,0,3,0,0,차대사람 - 길가장자리구역통행중,안전운전불이행,포장 - 건조,맑음,단일로 - 기타,승합,남,55세,상해없음,보행자,여,47세,중상
443,2018031100100235,2018년 3월 11일 15시,일요일,경상남도 통영시 산양읍,중상사고,0,1,0,0,차대사람 - 횡단중,안전운전불이행,포장 - 건조,맑음,단일로 - 기타,승합,남,45세,상해없음,보행자,여,6세,중상
444,2018031100100299,2018년 3월 11일 17시,일요일,경상남도 사천시 사천읍,경상사고,0,0,1,0,차대사람 - 기타,안전운전불이행,포장 - 건조,맑음,단일로 - 기타,승용,남,27세,상해없음,보행자,남,11세,경상
445,2018031100100301,2018년 3월 11일 17시,일요일,경상남도 창원시 성산구 사파동,중상사고,0,1,0,0,차대사람 - 기타,안전운전불이행,포장 - 건조,맑음,단일로 - 기타,승용,남,63세,기타불명,보행자,여,10세,중상
446,2018031100100356,2018년 3월 11일 19시,일요일,경상남도 양산시 신기동,경상사고,0,0,1,0,차대사람 - 횡단중,보행자보호의무위반,포장 - 건조,맑음,교차로 - 교차로부근,승용,여,67세,상해없음,보행자,남,27세,경상
447,2018031100100358,2018년 3월 11일 19시,일요일,경상남도 하동군 화개면,사망사고,1,0,0,0,차대사람 - 기타,안전운전불이행,포장 - 건조,맑음,단일로 - 기타,화물,남,51세,상해없음,보행자,남,62세,사망
448,2018031200100097,2018년 3월 12일 08시,월요일,경상남도 함양군 함양읍,중상사고,0,1,0,0,차대사람 - 횡단중,보행자보호의무위반,포장 - 건조,맑음,교차로 - 교차로횡단보도내,승용,남,61세,상해없음,보행자,여,53세,중상
449,2018031200100287,2018년 3월 12일 14시,월요일,경상남도 함안군 군북면,경상사고,0,0,1,0,차대사람 - 기타,안전운전불이행,포장 - 건조,맑음,교차로 - 교차로부근,화물,남,64세,상해없음,보행자,여,77세,경상
450,2018031200100311,2018년 3월 12일 15시,월요일,경상남도 통영시 정량동,중상사고,0,1,0,0,차대사람 - 기타,안전운전불이행,포장 - 건조,맑음,단일로 - 기타,화물,여,57세,상해없음,보행자,여,61세,중상
451,2018031200100352,2018년 3월 12일 16시,월요일,경상남도 사천시 용강동,경상사고,0,0,1,0,차대사람 - 횡단중,보행자보호의무위반,포장 - 건조,맑음,교차로 - 교차로부근,승용,여,44세,상해없음,보행자,남,16세,경상
452,2018031200100395,2018년 3월 12일 17시,월요일,경상남도 거창군 거창읍,중상사고,0,1,0,0,차대사람 - 기타,안전운전불이행,포장 - 건조,맑음,단일로 - 기타,승용,남,42세,상해없음,보행자,남,50세,중상
453,2018031200100426,2018년 3월 12일 18시,월요일,경상남도 김해시 삼문동,중상사고,0,1,0,0,차대사람 - 길가장자리구역통행중,안전운전불이행,포장 - 건조,맑음,단일로 - 기타,화물,남,50세,상해없음,보행자,남,34세,중상