,사고번호,사고일시,요일,시군구,사고내용,사망자수,중상자수,경상자수,부상신고자수,사고유형,법규위반,노면상태,기상상태,도로형태,가해운전자 차종,가해운전자 성별,가해운전자 연령,가해운전자 상해정도,피해운전자 차종,피해운전자 성별,피해운전자 연령,피해운전자 상해정도
1473,2018080500100396,2018년 8월 5일 19시,일요일,경상남도 사천시 벌리동,경상사고,0,0,1,0,차대사람 - 기타,안전운전불이행,포장 - 건조,맑음,단일로 - 기타,승용,남,61세,상해없음,보행자,남,43세,경상
1474,2018080500100449,2018년 8월 5일 21시,일요일,경상남도 창원시 성산구 반림동,사망사고,1,0,0,0,차대사람 - 차도통행중,안전운전불이행,포장 - 건조,맑음,단일로 - 기타,승용,남,59세,상해없음,보행자,여,81세,사망
1475,2018080600100005,2018년 8월 6일 00시,월요일,경상남도 창원시 성산구 상남동,경상사고,0,0,1,0,차대사람 - 기타,안전운전불이행,포장 - 건조,맑음,단일로 - 기타,승용,남,45세,상해없음,보행자,남,48세,경상
1476,2018080600100033,2018년 8월 6일 04시,월요일,경상남도 창원시 진해구 여좌동,사망사고,1,0,0,0,차대사람 - 차도통행중,안전운전불이행,포장 - 건조,맑음,단일로 - 기타,승용,남,68세,상해없음,보행자,남,55세,사망
1477,2018080600100063,2018년 8월 6일 07시,월요일,경상남도 양산시 상북면,경상사고,0,0,1,0,차대사람 - 기타,안전운전불이행,포장 - 건조,맑음,단일로 - 기타,화물,여,55세,상해없음,보행자,남,81세,경상
1478,2018080600100064,2018년 8월 6일 07시,월요일,경상남도 거제시 일운면,사망사고,1,0,0,0,차대사람 - 기타,안전운전불이행,포장 - 건조,맑음,교차로 - 교차로안,화물,남,62세,상해없음,보행자,여,87세,사망
1479,2018080600100153,2018년 8월 6일 10시,월요일,경상남도 진주시 칠암동,중상사고,0,1,0,0,차대사람 - 차도통행중,안전운전불이행,포장 - 건조,맑음,단일로 - 기타,승용,여,58세,상해없음,보행자,여,71세,중상
1480,2018080600100235,2018년 8월 6일 12시,월요일,경상남도 고성군 회화면,중상사고,0,1,0,0,차대사람 - 기타,안전운전불이행,포장 - 건조,맑음,교차로 - 교차로안,승용,여,30세,상해없음,보행자,여,78세,중상
1481,2018080600100371,2018년 8월 6일 16시,월요일,경상남도 창원시 마산합포구 동성동,중상사고,0,1,0,0,차대사람 - 기타,안전운전불이행,포장 - 건조,맑음,교차로 - 교차로부근,승합,남,67세,상해없음,보행자,여,48세,중상
1482,2018080600100372,2018년 8월 6일 16시,월요일,경상남도 창원시 마산합포구 월남동3가,중상사고,0,1,0,0,차대사람 - 기타,안전운전불이행,포장 - 건조,맑음,교차로 - 교차로횡단보도내,승용,여,47세,상해없음,보행자,여,60세,중상
1483,2018080600100408,2018년 8월 6일 17시,월요일,경상남도 양산시 북부동,경상사고,0,0,1,0,차대사람 - 횡단중,안전운전불이행,포장 - 젖음/습기,비,교차로 - 교차로안,승용,여,38세,상해없음,보행자,남,62세,경상
1484,2018080600100479,2018년 8월 6일 19시,월요일,경상남도 사천시 용현면,사망사고,1,0,0,0,차대사람 - 기타,안전운전불이행,포장 - 건조,맑음,기타 - 기타,화물,남,64세,상해없음,보행자,여,87세,사망
1485,2018080700100239,2018년 8월 7일 12시,화요일,경상남도 거제시 덕포동,중상사고,0,1,0,0,차대사람 - 기타,안전운전불이행,포장 - 건조,맑음,교차로 - 교차로부근,승용,남,48세,상해없음,보행자,여,4세,중상
1486,2018080700100371,2018년 8월 7일 16시,화요일,경상남도 창원시 진해구 풍호동,경상사고,0,0,1,0,차대사람 - 길가장자리구역통행중,안전운전불이행,포장 - 건조,맑음,단일로 - 기타,승용,여,59세,기타불명,보행자,여,10세,경상
1487,2018080700100412,2018년 8월 7일 17시,화요일,경상남도 밀양시 내이동,중상사고,0,1,0,0,차대사람 - 기타,안전운전불이행,포장 - 건조,맑음,주차장 - 주차장,승용,남,27세,상해없음,보행자,여,57세,중상
1488,2018080700100494,2018년 8월 7일 19시,화요일,경상남도 사천시 용강동,사망사고,1,0,0,0,차대사람 - 횡단중,과속,포장 - 건조,맑음,교차로 - 교차로횡단보도내,승용,남,24세,상해없음,보행자,여,68세,사망
1489,2018080700100496,2018년 8월 7일 19시,화요일,경상남도 양산시 물금읍,중상사고,0,1,0,0,차대사람 - 횡단중,보행자보호의무위반,포장 - 건조,맑음,단일로 - 기타,원동기,남,73세,상해없음,보행자,여,82세,중상
1490,2018080700100545,2018년 8월 7일 21시,화요일,경상남도 창원시 마산합포구 중앙동2가,경상사고,0,0,1,0,차대사람 - 기타,안전운전불이행,포장 - 건조,맑음,교차로 - 교차로부근,승합,남,51세,상해없음,보행자,여,56세,경상
1491,2018080800100150,2018년 8월 8일 09시,수요일,경상남도 통영시 서호동,중상사고,0,1,0,0,차대사람 - 횡단중,안전운전불이행,포장 - 건조,맑음,단일로 - 기타,건설기계,남,66세,상해없음,보행자,여,64세,중상
1492,2018080800100234,2018년 8월 8일 12시,수요일,경상남도 창원시 마산합포구 진동면,중상사고,0,1,0,0,차대사람 - 차도통행중,안전운전불이행,포장 - 건조,맑음,교차로 - 교차로부근,화물,남,32세,상해없음,보행자,여,66세,중상
1493,2018080800100262,2018년 8월 8일 13시,수요일,경상남도 거제시 고현동,경상사고,0,0,1,0,차대사람 - 횡단중,신호위반,포장 - 건조,맑음,교차로 - 교차로부근,승용,남,55세,상해없음,보행자,여,13세,경상
1494,2018080800100362,2018년 8월 8일 16시,수요일,경상남도 밀양시 가곡동,경상사고,0,0,1,0,차대사람 - 기타,안전운전불이행,포장 - 건조,맑음,주차장 - 주차장,승용,남,50세,상해없음,보행자,여,83세,경상
1495,2018080800100478,2018년 8월 8일 19시,수요일,경상남도 밀양시 삼문동,중상사고,0,1,0,0,차대사람 - 보도통행중,안전운전불이행,포장 - 건조,맑음,단일로 - 기타,승용,여,32세,상해없음,보행자,남,25세,중상
1496,2018080800100502,2018년 8월 8일 20시,수요일,경상남도 김해시 외동,부상신고사고,0,0,0,1,차대사람 - 길가장자리구역통행중,보행자보호의무위반,포장 - 건조,맑음,교차로 - 교차로안,화물,남,56세,기타불명,보행자,남,13세,부상신고
1497,2018080800100574,2018년 8월 8일 23시,수요일,경상남도 양산시 어곡동,경상사고,0,0,1,0,차대사람 - 기타,안전운전불이행,포장 - 건조,맑음,단일로 - 기타,승용,여,32세,상해없음,보행자,남,32세,경상
1498,2018080900100042,2018년 8월 9일 03시,목요일,경상남도 김해시 외동,사망사고,1,0,0,0,차대사람 - 횡단중,안전운전불이행,포장 - 건조,맑음,단일로 - 기타,승용,여,39세,상해없음,보행자,남,19세,사망
1499,2018080900100190,2018년 8월 9일 10시,목요일,경상남도 통영시 무전동,경상사고,0,0,1,0,차대사람 - 횡단중,안전운전불이행,포장 - 건조,맑음,교차로 - 교차로횡단보도내,화물,남,60세,상해없음,보행자,여,64세,경상
1500,2018080900100321,2018년 8월 9일 14시,목요일,경상남도 밀양시 내이동,중상사고,0,1,0,0,차대사람 - 횡단중,안전운전불이행,포장 - 건조,맑음,단일로 - 기타,승용,여,59세,상해없음,보행자,여,65세,중상
1501,2018080900100478,2018년 8월 9일 18시,목요일,경상남도 진주시 인사동,중상사고,0,1,0,0,차대사람 - 길가장자리구역통행중,안전운전불이행,포장 - 건조,맑음,단일로 - 기타,승용,여,50세,상해없음,보행자,여,53세,중상
1502,2018081000100009,2018년 8월 10일 00시,금요일,경상남도 창원시 진해구 용원동,중상사고,0,1,0,0,차대사람 - 차도통행중,안전운전불이행,포장 - 건조,맑음,단일로 - 지하차도(도로)내,승용,여,55세,상해없음,보행자,남,61세,중상
1503,2018081000100247,2018년 8월 10일 12시,금요일,경상남도 양산시 소주동,경상사고,0,0,1,0,차대사람 - 기타,안전운전불이행,포장 - 젖음/습기,비,교차로 - 교차로안,승용,남,33세,상해없음,보행자,여,64세,경상
1504,2018081000100326,2018년 8월 10일 14시,금요일,경상남도 산청군 단성면,경상사고,0,0,1,0,차대사람 - 기타,안전운전불이행,포장 - 건조,맑음,단일로 - 기타,승합,남,21세,상해없음,보행자,남,52세,경상
1505,2018081100100020,2018년 8월 11일 00시,토요일,경상남도 진주시 상대동,중상사고,0,1,0,0,차대사람 - 기타,신호위반,포장 - 건조,맑음,단일로 - 기타,화물,남,45세,상해없음,보행자,여,26세,중상
1506,2018081100100021,2018년 8월 11일 00시,토요일,경상남도 양산시 중부동,중상사고,0,2,0,0,차대사람 - 횡단중,보행자보호의무위반,포장 - 건조,맑음,교차로 - 교차로횡단보도내,승용,남,23세,상해없음,보행자,여,34세,중상
1507,2018081100100106,2018년 8월 11일 07시,토요일,경상남도 창원시 성산구 성산동,중상사고,0,1,0,0,차대사람 - 차도통행중,안전운전불이행,포장 - 건조,맑음,단일로 - 기타,승용,남,59세,상해없음,보행자,남,71세,중상
1508,2018081100100129,2018년 8월 11일 08시,토요일,경상남도 사천시 벌리동,경상사고,0,0,1,0,차대사람 - 차도통행중,안전운전불이행,포장 - 건조,맑음,교차로 - 교차로부근,승용,여,21세,상해없음,보행자,여,18세,경상
1509,2018081100100243,2018년 8월 11일 12시,토요일,경상남도 창원시 마산합포구 진동면,중상사고,0,1,0,1,차대사람 - 기타,안전운전불이행,포장 - 건조,맑음,단일로 - 기타,승용,남,39세,상해없음,보행자,남,5세,부상신고
1510,2018081100100319,2018년 8월 11일 14시,토요일,경상남도 창원시 성산구 상남동,경상사고,0,0,1,0,차대사람 - 횡단중,안전운전불이행,포장 - 건조,맑음,단일로 - 기타,승용,여,61세,상해없음,보행자,남,60세,경상
1511,2018081100100423,2018년 8월 11일 17시,토요일,경상남도 사천시 선구동,중상사고,0,1,0,0,차대사람 - 차도통행중,안전운전불이행,포장 - 건조,맑음,단일로 - 기타,승용,남,71세,상해없음,보행자,여,64세,중상
1512,2018081200100174,2018년 8월 12일 12시,일요일,경상남도 거제시 고현동,중상사고,0,1,0,0,차대사람 - 횡단중,안전운전불이행,포장 - 건조,맑음,단일로 - 기타,승용,남,48세,상해없음,보행자,남,52세,중상
1513,2018081200100268,2018년 8월 12일 15시,일요일,경상남도 하동군 화개면,중상사고,0,2,0,0,차대사람 - 길가장자리구역통행중,안전운전불이행,포장 - 건조,맑음,단일로 - 기타,승용,남,68세,상해없음,보행자,여,8세,중상
1514,2018081200100328,2018년 8월 12일 17시,일요일,경상남도 김해시 부원동,경상사고,0,0,1,0,차대사람 - 기타,안전운전불이행,포장 - 건조,맑음,단일로 - 기타,자전거,남,20세,상해없음,보행자,여,68세,경상
1515,2018081300100044,2018년 8월 13일 05시,월요일,경상남도 거제시 장평동,중상사고,0,1,0,0,차대사람 - 횡단중,보행자보호의무위반,포장 - 건조,맑음,단일로 - 기타,화물,남,56세,상해없음,보행자,남,47세,중상
1516,2018081300100129,2018년 8월 13일 08시,월요일,경상남도 거제시 옥포동,중상사고,0,1,0,0,차대사람 - 횡단중,보행자보호의무위반,포장 - 건조,맑음,교차로 - 교차로안,승용,남,65세,상해없음,보행자,여,60세,중상
1517,2018081300100200,2018년 8월 13일 10시,월요일,경상남도 밀양시 초동면,사망사고,1,0,0,0,차대사람 - 횡단중,안전운전불이행,포장 - 건조,맑음,단일로 - 기타,승합,남,55세,상해없음,보행자,여,85세,사망
1518,2018081300100236,2018년 8월 13일 11시,월요일,경상남도 창원시 성산구 상남동,중상사고,0,1,0,0,차대사람 - 횡단중,안전운전불이행,포장 - 건조,맑음,단일로 - 기타,승용,남,28세,상해없음,보행자,여,50세,중상
1519,2018081300100303,2018년 8월 13일 13시,월요일,경상남도 창원시 마산회원구 석전동,경상사고,0,0,1,0,차대사람 - 횡단중,안전운전불이행,포장 - 건조,맑음,단일로 - 기타,화물,남,48세,상해없음,보행자,남,81세,경상
1520,2018081300100465,2018년 8월 13일 17시,월요일,경상남도 창원시 의창구 봉곡동,경상사고,0,0,3,0,차대사람 - 차도통행중,안전운전불이행,포장 - 건조,맑음,단일로 - 기타,승용,남,59세,상해없음,보행자,여,21세,경상
1521,2018081300100466,2018년 8월 13일 17시,월요일,경상남도 창원시 마산회원구 합성동,중상사고,0,1,0,0,차대사람 - 횡단중,보행자보호의무위반,포장 - 건조,맑음,교차로 - 교차로안,화물,남,71세,상해없음,보행자,여,45세,중상
1522,2018081300100654,2018년 8월 13일 22시,월요일,경상남도 통영시 동호동,경상사고,0,0,1,0,차대사람 - 기타,안전운전불이행,포장 - 건조,맑음,단일로 - 기타,승용,남,59세,상해없음,보행자,남,48세,경상
1523,2018081300100655,2018년 8월 13일 22시,월요일,경상남도 김해시 삼정동,경상사고,0,0,1,0,차대사람 - 기타,안전운전불이행,포장 - 건조,맑음,단일로 - 기타,승용,남,50세,상해없음,보행자,남,33세,경상
1524,2018081400100130,2018년 8월 14일 08시,화요일,경상남도 창원시 진해구 경화동,중상사고,0,1,0,0,차대사람 - 횡단중,신호위반,포장 - 건조,맑음,교차로 - 교차로안,승용,남,54세,상해없음,보행자,여,69세,중상
1525,2018081400100409,2018년 8월 14일 16시,화요일,경상남도 밀양시 삼랑진읍,중상사고,0,1,0,0,차대사람 - 길가장자리구역통행중,안전운전불이행,포장 - 건조,맑음,단일로 - 기타,승용,남,65세,상해없음,보행자,남,72세,중상
1526,2018081400100517,2018년 8월 14일 18시,화요일,경상남도 진주시 상대동,중상사고,0,1,0,0,차대사람 - 횡단중,안전운전불이행,포장 - 건조,맑음,단일로 - 기타,승용,남,43세,상해없음,보행자,여,21세,중상
1527,2018081400100518,2018년 8월 14일 18시,화요일,경상남도 통영시 북신동,경상사고,0,0,2,0,차대사람 - 횡단중,보행자보호의무위반,포장 - 건조,맑음,교차로 - 교차로횡단보도내,승용,남,62세,상해없음,보행자,여,37세,경상
1528,2018081400100556,2018년 8월 14일 19시,화요일,경상남도 진주시 하대동,중상사고,0,1,0,0,차대사람 - 횡단중,안전운전불이행,포장 - 건조,맑음,단일로 - 기타,승용,여,48세,상해없음,보행자,남,9세,중상
1529,2018081400100665,2018년 8월 14일 23시,화요일,경상남도 창원시 의창구 명서동,경상사고,0,0,1,0,차대사람 - 기타,안전운전불이행,포장 - 건조,맑음,단일로 - 기타,승용,여,51세,상해없음,보행자,남,39세,경상
1530,2018081500100415,2018년 8월 15일 18시,수요일,경상남도 김해시 관동동,중상사고,0,1,0,0,차대사람 - 횡단중,보행자보호의무위반,포장 - 건조,맑음,교차로 - 교차로횡단보도내,승용,남,45세,상해없음,보행자,남,69세,중상
1531,2018081500100469,2018년 8월 15일 20시,수요일,경상남도 진주시 주약동,경상사고,0,0,1,0,차대사람 - 횡단중,신호위반,포장 - 건조,맑음,단일로 - 기타,승용,남,63세,상해없음,보행자,남,34세,경상
1532,2018081500100471,2018년 8월 15일 20시,수요일,경상남도 양산시 소주동,경상사고,0,0,1,0,차대사람 - 횡단중,보행자보호의무위반,포장 - 젖음/습기,비,교차로 - 교차로횡단보도내,화물,남,58세,상해없음,보행자,남,67세,경상
1533,2018081500100505,2018년 8월 15일 21시,수요일,경상남도 고성군 회화면,경상사고,0,0,1,0,차대사람 - 차도통행중,안전운전불이행,포장 - 젖음/습기,비,단일로 - 기타,승용,남,40세,상해없음,보행자,여,19세,경상
1534,2018081500100529,2018년 8월 15일 22시,수요일,경상남도 진주시 대안동,중상사고,0,1,0,0,차대사람 - 횡단중,보행자보호의무위반,포장 - 건조,맑음,단일로 - 기타,승용,남,61세,상해없음,보행자,여,22세,중상
1535,2018081500100530,2018년 8월 15일 22시,수요일,경상남도 양산시 평산동,경상사고,0,0,1,0,차대사람 - 횡단중,신호위반,포장 - 젖음/습기,비,교차로 - 교차로횡단보도내,원동기,남,19세,상해없음,보행자,여,64세,경상
1536,2018081600100021,2018년 8월 16일 01시,목요일,경상남도 진주시 칠암동,중상사고,0,1,0,0,차대사람 - 차도통행중,안전운전불이행,포장 - 젖음/습기,비,단일로 - 기타,승용,남,22세,상해없음,보행자,여,18세,중상
1537,2018081600100052,2018년 8월 16일 05시,목요일,경상남도 진주시 대안동,중상사고,0,1,0,0,차대사람 - 횡단중,보행자보호의무위반,포장 - 건조,맑음,단일로 - 기타,화물,남,59세,상해없음,보행자,여,54세,중상
1538,2018081600100084,2018년 8월 16일 07시,목요일,경상남도 양산시 다방동,부상신고사고,0,0,0,1,차대사람 - 기타,안전운전불이행,포장 - 건조,맑음,교차로 - 교차로부근,승용,남,68세,상해없음,보행자,남,47세,부상신고
1539,2018081600100162,2018년 8월 16일 09시,목요일,경상남도 진주시 장대동,중상사고,0,1,0,0,차대사람 - 횡단중,안전운전불이행,포장 - 건조,흐림,교차로 - 교차로안,승용,남,66세,상해없음,보행자,여,68세,중상
1540,2018081600100163,2018년 8월 16일 09시,목요일,경상남도 창원시 성산구 대방동,중상사고,0,1,0,0,차대사람 - 횡단중,신호위반,포장 - 건조,맑음,교차로 - 교차로부근,승용,여,47세,상해없음,보행자,여,43세,중상
1541,2018081600100306,2018년 8월 16일 13시,목요일,경상남도 산청군 시천면,경상사고,0,0,1,0,차대사람 - 보도통행중,보행자보호의무위반,포장 - 젖음/습기,비,교차로 - 교차로부근,화물,남,49세,상해없음,보행자,남,48세,경상
1542,2018081600100512,2018년 8월 16일 18시,목요일,경상남도 김해시 대청동,경상사고,0,0,1,0,차대사람 - 횡단중,안전운전불이행,포장 - 건조,맑음,교차로 - 교차로부근,승용,남,24세,상해없음,보행자,남,63세,경상
1543,2018081600100610,2018년 8월 16일 21시,목요일,경상남도 창원시 성산구 중앙동,경상사고,0,0,1,0,차대사람 - 횡단중,안전운전불이행,포장 - 건조,맑음,교차로 - 교차로안,이륜,남,26세,상해없음,보행자,여,47세,경상
1544,2018081600100632,2018년 8월 16일 22시,목요일,경상남도 진주시 평거동,경상사고,0,0,1,0,차대사람 - 횡단중,신호위반,포장 - 건조,맑음,교차로 - 교차로횡단보도내,이륜,남,27세,상해없음,보행자,여,18세,경상
1545,2018081700100037,2018년 8월 17일 03시,금요일,경상남도 창원시 마산회원구 합성동,사망사고,1,1,0,0,차대사람 - 횡단중,안전운전불이행,포장 - 건조,맑음,교차로 - 교차로안,승용,남,24세,상해없음,보행자,남,75세,사망
1546,2018081700100280,2018년 8월 17일 12시,금요일,경상남도 양산시 하북면,중상사고,0,1,0,0,차대사람 - 횡단중,안전운전불이행,포장 - 건조,맑음,교차로 - 교차로안,승합,남,57세,상해없음,보행자,여,63세,중상
1547,2018081700100310,2018년 8월 17일 13시,금요일,경상남도 밀양시 내일동,중상사고,0,1,0,0,차대사람 - 기타,안전운전불이행,포장 - 건조,맑음,단일로 - 기타,승용,여,55세,상해없음,보행자,여,79세,중상
1548,2018081700100447,2018년 8월 17일 16시,금요일,경상남도 거제시 옥포동,중상사고,0,1,0,0,차대사람 - 차도통행중,안전운전불이행,포장 - 건조,맑음,단일로 - 기타,승용,남,34세,상해없음,보행자,남,11세,중상
1549,2018081800100241,2018년 8월 18일 11시,토요일,경상남도 진주시 신안동,중상사고,0,1,0,0,차대사람 - 횡단중,보행자보호의무위반,포장 - 건조,맑음,교차로 - 교차로횡단보도내,승용,남,30세,상해없음,보행자,남,78세,중상
1550,2018081800100243,2018년 8월 18일 11시,토요일,경상남도 창녕군 남지읍,중상사고,0,1,0,0,차대사람 - 기타,안전운전불이행,포장 - 건조,맑음,단일로 - 기타,화물,남,74세,상해없음,보행자,남,51세,중상
1551,2018081800100349,2018년 8월 18일 14시,토요일,경상남도 진주시 옥봉동,경상사고,0,0,1,0,차대사람 - 차도통행중,안전운전불이행,포장 - 건조,맑음,교차로 - 교차로부근,승용,여,57세,상해없음,보행자,여,59세,경상
1552,2018081800100559,2018년 8월 18일 20시,토요일,경상남도 창원시 마산합포구 신포동2가,경상사고,0,0,1,0,차대사람 - 기타,안전운전불이행,포장 - 건조,맑음,교차로 - 교차로안,승용,남,78세,상해없음,보행자,남,51세,경상
1553,2018081800100592,2018년 8월 18일 21시,토요일,경상남도 양산시 삼호동,중상사고,0,1,0,0,차대사람 - 횡단중,안전운전불이행,포장 - 건조,맑음,교차로 - 교차로안,승용,남,39세,상해없음,보행자,남,54세,중상
1554,2018081900100060,2018년 8월 19일 03시,일요일,경상남도 진주시 상봉동,중상사고,0,1,0,0,차대사람 - 기타,안전운전불이행,포장 - 건조,맑음,단일로 - 기타,승용,남,36세,상해없음,보행자,남,52세,중상
1555,2018081900100387,2018년 8월 19일 18시,일요일,경상남도 창원시 진해구 자은동,중상사고,0,1,0,0,차대사람 - 횡단중,안전운전불이행,포장 - 건조,맑음,교차로 - 교차로횡단보도내,승용,남,29세,상해없음,보행자,여,35세,중상
1556,2018081900100480,2018년 8월 19일 21시,일요일,경상남도 거제시 덕포동,중상사고,0,1,0,0,차대사람 - 기타,안전운전불이행,포장 - 건조,맑음,교차로 - 교차로부근,승용,남,61세,상해없음,보행자,남,29세,중상
1557,2018082000100102,2018년 8월 20일 08시,월요일,경상남도 김해시 동상동,중상사고,0,1,0,0,차대사람 - 차도통행중,안전운전불이행,포장 - 건조,맑음,단일로 - 기타,승용,여,40세,상해없음,보행자,여,58세,중상
1558,2018082000100143,2018년 8월 20일 09시,월요일,경상남도 창원시 진해구 용원동,중상사고,0,1,0,0,차대사람 - 횡단중,과속,포장 - 건조,맑음,교차로 - 교차로안,승용,남,26세,상해없음,보행자,남,11세,중상
1559,2018082000100217,2018년 8월 20일 11시,월요일,경상남도 진주시 하대동,중상사고,0,1,0,0,차대사람 - 차도통행중,안전운전불이행,포장 - 건조,맑음,단일로 - 기타,기타불명,기타불명,미분류,기타불명,보행자,여,61세,중상
1560,2018082000100220,2018년 8월 20일 11시,월요일,경상남도 거창군 거창읍,중상사고,0,1,0,0,차대사람 - 횡단중,안전운전불이행,포장 - 건조,맑음,단일로 - 기타,승용,여,51세,상해없음,보행자,여,74세,중상
1561,2018082000100221,2018년 8월 20일 11시,월요일,경상남도 함양군 함양읍,중상사고,0,1,0,0,차대사람 - 기타,안전운전불이행,포장 - 건조,맑음,교차로 - 교차로안,승용,여,27세,상해없음,보행자,남,32세,중상
1562,2018082000100392,2018년 8월 20일 16시,월요일,경상남도 진주시 평거동,경상사고,0,0,1,0,차대사람 - 횡단중,안전운전불이행,포장 - 건조,맑음,교차로 - 교차로부근,승용,여,37세,상해없음,보행자,남,5세,경상
1563,2018082000100536,2018년 8월 20일 20시,월요일,경상남도 사천시 동금동,중상사고,0,1,0,0,차대사람 - 횡단중,안전운전불이행,포장 - 건조,맑음,교차로 - 교차로부근,승용,남,64세,상해없음,보행자,남,78세,중상
1564,2018082000100537,2018년 8월 20일 20시,월요일,경상남도 양산시 북부동,중상사고,0,1,0,0,차대사람 - 기타,안전운전불이행,포장 - 건조,맑음,단일로 - 기타,승용,남,61세,상해없음,보행자,남,58세,상해없음
1565,2018082100100024,2018년 8월 21일 01시,화요일,경상남도 창원시 마산회원구 합성동,중상사고,0,1,0,0,차대사람 - 기타,안전운전불이행,포장 - 건조,맑음,단일로 - 기타,승용,남,36세,상해없음,보행자,남,45세,중상
1566,2018082100100139,2018년 8월 21일 08시,화요일,경상남도 양산시 물금읍,중상사고,0,1,1,0,차대사람 - 횡단중,안전운전불이행,포장 - 건조,맑음,단일로 - 기타,승합,여,48세,상해없음,보행자,여,37세,중상
1567,2018082100100140,2018년 8월 21일 08시,화요일,경상남도 양산시 북부동,경상사고,0,0,1,0,차대사람 - 기타,안전운전불이행,포장 - 건조,맑음,단일로 - 기타,승용,여,60세,상해없음,보행자,여,48세,경상
1568,2018082100100372,2018년 8월 21일 15시,화요일,경상남도 진주시 봉곡동,중상사고,0,1,0,0,차대사람 - 횡단중,안전운전불이행,포장 - 건조,맑음,교차로 - 교차로부근,화물,남,43세,상해없음,보행자,여,63세,중상
1569,2018082100100420,2018년 8월 21일 16시,화요일,경상남도 사천시 동금동,경상사고,0,0,1,0,차대사람 - 횡단중,안전운전불이행,포장 - 건조,맑음,교차로 - 교차로부근,승용,남,73세,상해없음,보행자,여,90세 이상,경상
1570,2018082100100467,2018년 8월 21일 17시,화요일,경상남도 통영시 북신동,중상사고,0,1,0,0,차대사람 - 횡단중,보행자보호의무위반,포장 - 건조,맑음,교차로 - 교차로횡단보도내,화물,남,39세,상해없음,보행자,여,38세,중상
1571,2018082100100555,2018년 8월 21일 19시,화요일,경상남도 양산시 삼호동,중상사고,0,1,0,0,차대사람 - 기타,신호위반,포장 - 건조,맑음,교차로 - 교차로부근,승용,남,38세,상해없음,보행자,남,12세,중상
1572,2018082100100591,2018년 8월 21일 20시,화요일,경상남도 창녕군 창녕읍,중상사고,0,1,1,0,차대사람 - 길가장자리구역통행중,안전운전불이행,포장 - 건조,맑음,단일로 - 기타,이륜,남,62세,경상,보행자,남,60세,중상
1573,2018082100100592,2018년 8월 21일 20시,화요일,경상남도 양산시 소주동,부상신고사고,0,0,0,1,차대사람 - 기타,안전운전불이행,포장 - 건조,맑음,기타 - 기타,승용,여,57세,상해없음,보행자,남,50세,부상신고
1574,2018082200100383,2018년 8월 22일 15시,수요일,경상남도 창원시 마산회원구 합성동,중상사고,0,1,0,0,차대사람 - 길가장자리구역통행중,안전운전불이행,포장 - 건조,맑음,단일로 - 기타,원동기,남,18세,상해없음,보행자,남,25세,중상
1575,2018082200100458,2018년 8월 22일 17시,수요일,경상남도 창원시 진해구 여좌동,중상사고,0,1,0,0,차대사람 - 차도통행중,안전운전불이행,포장 - 건조,맑음,교차로 - 교차로부근,승용,남,49세,상해없음,보행자,남,11세,중상
1576,2018082200100459,2018년 8월 22일 17시,수요일,경상남도 고성군 고성읍,중상사고,0,1,0,0,차대사람 - 횡단중,보행자보호의무위반,포장 - 건조,맑음,교차로 - 교차로횡단보도내,승용,남,55세,상해없음,보행자,여,44세,중상
1577,2018082200100551,2018년 8월 22일 19시,수요일,경상남도 김해시 무계동,경상사고,0,0,1,0,차대사람 - 보도통행중,보행자보호의무위반,포장 - 건조,맑음,교차로 - 교차로부근,승용,여,45세,상해없음,보행자,남,73세,경상
1578,2018082200100586,2018년 8월 22일 20시,수요일,경상남도 밀양시 삼문동,중상사고,0,1,0,0,차대사람 - 횡단중,안전운전불이행,포장 - 건조,흐림,단일로 - 기타,승용,여,42세,상해없음,보행자,남,10세,중상
1579,2018082200100607,2018년 8월 22일 21시,수요일,경상남도 창원시 성산구 상남동,부상신고사고,0,0,0,1,차대사람 - 횡단중,보행자보호의무위반,포장 - 건조,맑음,교차로 - 교차로횡단보도내,승용,남,27세,상해없음,보행자,남,48세,부상신고
1580,2018082300100018,2018년 8월 23일 00시,목요일,경상남도 창원시 진해구 석동,경상사고,0,0,1,0,차대사람 - 차도통행중,안전운전불이행,포장 - 건조,맑음,단일로 - 기타,승용,남,24세,상해없음,보행자,남,25세,경상
1581,2018082300100156,2018년 8월 23일 10시,목요일,경상남도 거제시 옥포동,경상사고,0,0,1,0,차대사람 - 횡단중,보행자보호의무위반,포장 - 건조,흐림,교차로 - 교차로횡단보도내,화물,남,49세,상해없음,보행자,여,71세,경상
1582,2018082300100310,2018년 8월 23일 17시,목요일,경상남도 거창군 가조면,사망사고,1,0,0,0,차대사람 - 횡단중,안전운전불이행,포장 - 건조,흐림,교차로 - 교차로안,승용,남,61세,상해없음,보행자,여,74세,사망
1583,2018082300100348,2018년 8월 23일 18시,목요일,경상남도 창원시 마산합포구 창포동3가,경상사고,0,0,1,0,차대사람 - 횡단중,안전운전불이행,포장 - 젖음/습기,흐림,교차로 - 교차로부근,승용,남,49세,상해없음,보행자,여,46세,경상
1584,2018082300100400,2018년 8월 23일 19시,목요일,경상남도 양산시 중부동,경상사고,0,0,1,0,차대사람 - 기타,안전운전불이행,포장 - 젖음/습기,비,교차로 - 교차로부근,승용,남,54세,상해없음,보행자,여,59세,경상