,사고번호,사고일시,요일,시군구,사고내용,사망자수,중상자수,경상자수,부상신고자수,사고유형,법규위반,노면상태,기상상태,도로형태,가해운전자 차종,가해운전자 성별,가해운전자 연령,가해운전자 상해정도,피해운전자 차종,피해운전자 성별,피해운전자 연령,피해운전자 상해정도
2036,2018102500100028,2018년 10월 25일 02시,목요일,경상남도 진주시 봉곡동,경상사고,0,0,1,0,차대사람 - 기타,안전운전불이행,포장 - 건조,맑음,교차로 - 교차로안,승용,남,43세,상해없음,보행자,남,53세,경상
2037,2018102500100068,2018년 10월 25일 06시,목요일,경상남도 양산시 물금읍,중상사고,0,1,0,0,차대사람 - 횡단중,안전운전불이행,포장 - 건조,맑음,교차로 - 교차로안,승용,남,66세,상해없음,보행자,여,70세,중상
2038,2018102500100405,2018년 10월 25일 15시,목요일,경상남도 김해시 부원동,경상사고,0,0,1,0,차대사람 - 횡단중,안전운전불이행,포장 - 건조,맑음,교차로 - 교차로안,승용,남,28세,상해없음,보행자,남,75세,경상
2039,2018102500100610,2018년 10월 25일 19시,목요일,경상남도 진주시 상대동,중상사고,0,1,0,0,차대사람 - 횡단중,안전운전불이행,포장 - 건조,맑음,교차로 - 교차로부근,승용,남,43세,상해없음,보행자,여,74세,중상
2040,2018102500100611,2018년 10월 25일 19시,목요일,경상남도 사천시 사남면,중상사고,0,1,0,0,차대사람 - 횡단중,안전운전불이행,포장 - 건조,맑음,교차로 - 교차로부근,승용,여,41세,상해없음,보행자,남,57세,중상
2041,2018102500100638,2018년 10월 25일 20시,목요일,경상남도 김해시 삼계동,중상사고,0,1,0,0,차대사람 - 횡단중,신호위반,포장 - 건조,맑음,교차로 - 교차로횡단보도내,원동기,남,18세,상해없음,보행자,남,13세,중상
2042,2018102600100313,2018년 10월 26일 14시,금요일,경상남도 양산시 중부동,경상사고,0,0,1,0,차대사람 - 기타,안전운전불이행,포장 - 건조,맑음,단일로 - 기타,승용,남,60세,상해없음,보행자,남,41세,경상
2043,2018102600100494,2018년 10월 26일 18시,금요일,경상남도 진주시 평거동,중상사고,0,1,0,0,차대사람 - 횡단중,안전운전불이행,포장 - 건조,맑음,단일로 - 기타,화물,남,60세,상해없음,보행자,남,13세,중상
2044,2018102600100496,2018년 10월 26일 18시,금요일,경상남도 창원시 진해구 대죽동,경상사고,0,0,1,0,차대사람 - 횡단중,보행자보호의무위반,포장 - 젖음/습기,비,교차로 - 교차로횡단보도내,승용,여,37세,상해없음,보행자,남,66세,경상
2045,2018102600100501,2018년 10월 26일 18시,금요일,경상남도 함안군 가야읍,사망사고,1,0,0,0,차대사람 - 차도통행중,안전운전불이행,포장 - 젖음/습기,안개,단일로 - 기타,승용,여,22세,상해없음,보행자,남,78세,사망
2046,2018102600100568,2018년 10월 26일 19시,금요일,경상남도 창원시 마산회원구 내서읍,경상사고,0,0,1,0,차대사람 - 횡단중,보행자보호의무위반,포장 - 젖음/습기,흐림,교차로 - 교차로횡단보도내,승용,남,64세,상해없음,보행자,남,53세,경상
2047,2018102600100604,2018년 10월 26일 20시,금요일,경상남도 창원시 마산합포구 신포동1가,경상사고,0,0,1,0,차대사람 - 횡단중,신호위반,포장 - 건조,흐림,교차로 - 교차로부근,승합,남,68세,상해없음,보행자,남,23세,경상
2048,2018102600100649,2018년 10월 26일 21시,금요일,경상남도 김해시 외동,경상사고,0,0,1,0,차대사람 - 길가장자리구역통행중,안전운전불이행,포장 - 건조,맑음,단일로 - 기타,이륜,남,53세,상해없음,보행자,여,85세,경상
2049,2018102600100650,2018년 10월 26일 21시,금요일,경상남도 거제시 고현동,사망사고,1,0,0,0,차대사람 - 차도통행중,안전운전불이행,포장 - 건조,맑음,단일로 - 기타,승용,남,28세,상해없음,보행자,남,53세,사망
2050,2018102700100049,2018년 10월 27일 02시,토요일,경상남도 창원시 마산합포구 산호동,사망사고,1,0,0,0,차대사람 - 횡단중,과속,포장 - 젖음/습기,맑음,교차로 - 교차로안,승용,남,53세,상해없음,보행자,남,56세,사망
2051,2018102700100155,2018년 10월 27일 08시,토요일,경상남도 통영시 도천동,경상사고,0,0,1,0,차대사람 - 기타,안전운전불이행,포장 - 건조,맑음,단일로 - 기타,승용,남,63세,상해없음,보행자,여,89세,경상
2052,2018102700100253,2018년 10월 27일 11시,토요일,경상남도 밀양시 내이동,중상사고,0,1,0,0,차대사람 - 기타,안전운전불이행,포장 - 건조,맑음,단일로 - 기타,화물,남,65세,상해없음,보행자,여,3세,중상
2053,2018102700100288,2018년 10월 27일 12시,토요일,경상남도 거창군 마리면,경상사고,0,0,1,0,차대사람 - 기타,안전운전불이행,포장 - 건조,맑음,단일로 - 기타,승용,여,40세,상해없음,보행자,남,55세,경상
2054,2018102700100315,2018년 10월 27일 13시,토요일,경상남도 창원시 성산구 성주동,중상사고,0,1,0,0,차대사람 - 횡단중,보행자보호의무위반,포장 - 건조,맑음,교차로 - 교차로횡단보도내,승용,남,31세,상해없음,보행자,여,66세,중상
2055,2018102700100362,2018년 10월 27일 14시,토요일,경상남도 김해시 대성동,부상신고사고,0,0,0,1,차대사람 - 길가장자리구역통행중,안전운전불이행,포장 - 건조,맑음,단일로 - 기타,기타불명,기타불명,미분류,기타불명,보행자,여,7세,부상신고
2056,2018102700100363,2018년 10월 27일 14시,토요일,경상남도 창원시 의창구 삼동동,경상사고,0,0,1,0,차대사람 - 횡단중,안전운전불이행,포장 - 건조,맑음,단일로 - 기타,승용,남,46세,상해없음,보행자,여,64세,경상
2057,2018102700100452,2018년 10월 27일 16시,토요일,경상남도 사천시 동금동,경상사고,0,0,1,0,차대사람 - 횡단중,보행자보호의무위반,포장 - 건조,맑음,교차로 - 교차로횡단보도내,승용,남,41세,상해없음,보행자,여,52세,경상
2058,2018102700100545,2018년 10월 27일 18시,토요일,경상남도 진주시 수정동,중상사고,0,1,1,0,차대사람 - 차도통행중,보행자보호의무위반,포장 - 건조,맑음,단일로 - 기타,승용,남,66세,상해없음,보행자,여,8세,중상
2059,2018102700100593,2018년 10월 27일 19시,토요일,경상남도 창녕군 성산면,중상사고,0,1,0,0,차대사람 - 기타,안전운전불이행,포장 - 건조,맑음,단일로 - 기타,승용,여,63세,상해없음,보행자,남,65세,중상
2060,2018102700100665,2018년 10월 27일 21시,토요일,경상남도 김해시 외동,중상사고,0,1,1,0,차대사람 - 횡단중,신호위반,포장 - 건조,맑음,교차로 - 교차로횡단보도내,이륜,남,46세,경상,보행자,여,50세,중상
2061,2018102700100690,2018년 10월 27일 22시,토요일,경상남도 김해시 어방동,경상사고,0,0,1,0,차대사람 - 길가장자리구역통행중,안전운전불이행,포장 - 건조,맑음,단일로 - 기타,승용,여,59세,상해없음,보행자,여,41세,경상
2062,2018102800100247,2018년 10월 28일 13시,일요일,경상남도 통영시 산양읍,경상사고,0,0,1,0,차대사람 - 횡단중,안전운전불이행,포장 - 건조,맑음,단일로 - 기타,승용,여,62세,상해없음,보행자,여,5세,경상
2063,2018102800100309,2018년 10월 28일 15시,일요일,경상남도 김해시 동상동,중상사고,0,1,0,0,차대사람 - 기타,안전운전불이행,포장 - 건조,맑음,단일로 - 기타,화물,남,42세,상해없음,보행자,여,75세,중상
2064,2018102800100337,2018년 10월 28일 16시,일요일,경상남도 거제시 고현동,경상사고,0,0,1,0,차대사람 - 차도통행중,안전운전불이행,포장 - 건조,맑음,단일로 - 기타,기타불명,기타불명,미분류,기타불명,보행자,남,10세,경상
2065,2018102800100415,2018년 10월 28일 18시,일요일,경상남도 거창군 거창읍,중상사고,0,1,0,0,차대사람 - 횡단중,안전운전불이행,포장 - 젖음/습기,비,교차로 - 교차로안,승용,남,64세,상해없음,보행자,남,61세,중상
2066,2018102800100452,2018년 10월 28일 19시,일요일,경상남도 산청군 신등면,중상사고,0,1,0,0,차대사람 - 차도통행중,안전운전불이행,포장 - 젖음/습기,비,단일로 - 기타,승용,남,49세,상해없음,보행자,남,52세,중상
2067,2018102800100453,2018년 10월 28일 19시,일요일,경상남도 창원시 마산회원구 내서읍,중상사고,0,1,0,0,차대사람 - 횡단중,안전운전불이행,포장 - 건조,맑음,교차로 - 교차로부근,이륜,남,17세,상해없음,보행자,여,74세,중상
2068,2018102900100058,2018년 10월 29일 06시,월요일,경상남도 사천시 정동면,사망사고,1,0,0,0,차대사람 - 횡단중,안전운전불이행,포장 - 건조,맑음,단일로 - 기타,승용,남,36세,상해없음,보행자,여,78세,사망
2069,2018102900100059,2018년 10월 29일 06시,월요일,경상남도 양산시 명곡동,중상사고,0,1,0,0,차대사람 - 보도통행중,보행자보호의무위반,포장 - 건조,맑음,단일로 - 기타,승용,남,59세,상해없음,보행자,남,43세,중상
2070,2018102900100124,2018년 10월 29일 08시,월요일,경상남도 창원시 마산합포구 교방동,중상사고,0,1,0,0,차대사람 - 횡단중,보행자보호의무위반,포장 - 건조,맑음,교차로 - 교차로부근,승용,남,61세,상해없음,보행자,여,14세,중상
2071,2018102900100174,2018년 10월 29일 09시,월요일,경상남도 사천시 사남면,중상사고,0,1,0,0,차대사람 - 횡단중,안전운전불이행,포장 - 건조,맑음,단일로 - 기타,승용,여,51세,상해없음,보행자,여,75세,중상
2072,2018102900100336,2018년 10월 29일 14시,월요일,경상남도 통영시 무전동,중상사고,0,1,0,0,차대사람 - 기타,안전운전불이행,포장 - 건조,맑음,주차장 - 주차장,승용,남,35세,상해없음,보행자,여,69세,중상
2073,2018102900100338,2018년 10월 29일 14시,월요일,경상남도 양산시 삼호동,중상사고,0,1,0,0,차대사람 - 횡단중,보행자보호의무위반,포장 - 건조,맑음,교차로 - 교차로안,화물,남,61세,상해없음,보행자,남,70세,중상
2074,2018102900100435,2018년 10월 29일 16시,월요일,경상남도 진주시 초전동,경상사고,0,0,1,0,차대사람 - 횡단중,신호위반,포장 - 건조,맑음,단일로 - 기타,승합,여,63세,상해없음,보행자,여,4세,경상
2075,2018102900100474,2018년 10월 29일 17시,월요일,경상남도 통영시 항남동,경상사고,0,0,1,0,차대사람 - 횡단중,안전운전불이행,포장 - 건조,맑음,교차로 - 교차로부근,승용,남,64세,상해없음,보행자,남,79세,경상
2076,2018102900100476,2018년 10월 29일 17시,월요일,경상남도 창원시 의창구 북면,중상사고,0,1,0,0,차대사람 - 횡단중,안전운전불이행,포장 - 건조,맑음,단일로 - 기타,승용,여,52세,상해없음,보행자,여,74세,중상
2077,2018102900100537,2018년 10월 29일 18시,월요일,경상남도 창원시 마산합포구 창포동3가,중상사고,0,1,0,0,차대사람 - 횡단중,안전운전불이행,포장 - 건조,맑음,교차로 - 교차로부근,승용,남,68세,상해없음,보행자,여,61세,중상
2078,2018102900100589,2018년 10월 29일 19시,월요일,경상남도 창원시 진해구 안골동,경상사고,0,0,1,0,차대사람 - 기타,안전운전불이행,포장 - 건조,맑음,주차장 - 주차장,승용,남,57세,상해없음,보행자,남,54세,경상
2079,2018102900100643,2018년 10월 29일 21시,월요일,경상남도 거제시 고현동,경상사고,0,0,1,0,차대사람 - 차도통행중,안전운전불이행,포장 - 건조,맑음,교차로 - 교차로안,승용,여,26세,상해없음,보행자,남,48세,경상
2080,2018103000100137,2018년 10월 30일 08시,화요일,경상남도 창원시 진해구 태평동,중상사고,0,1,0,0,차대사람 - 횡단중,안전운전불이행,포장 - 건조,맑음,단일로 - 기타,승합,남,50세,상해없음,보행자,여,42세,중상
2081,2018103000100248,2018년 10월 30일 11시,화요일,경상남도 거제시 장승포동,중상사고,0,1,0,0,차대사람 - 기타,안전운전불이행,포장 - 건조,맑음,단일로 - 기타,승용,여,49세,상해없음,보행자,여,77세,중상
2082,2018103000100320,2018년 10월 30일 13시,화요일,경상남도 창원시 의창구 사화동,사망사고,1,0,0,0,차대사람 - 차도통행중,안전운전불이행,포장 - 건조,맑음,단일로 - 기타,화물,남,66세,상해없음,보행자,남,78세,사망
2083,2018103000100355,2018년 10월 30일 14시,화요일,경상남도 창원시 마산회원구 회원동,경상사고,0,0,1,0,차대사람 - 차도통행중,안전운전불이행,포장 - 건조,맑음,교차로 - 교차로부근,승용,남,58세,상해없음,보행자,남,8세,경상
2084,2018103000100389,2018년 10월 30일 15시,화요일,경상남도 밀양시 단장면,중상사고,0,1,0,0,차대사람 - 길가장자리구역통행중,안전운전불이행,포장 - 건조,맑음,단일로 - 기타,화물,남,72세,상해없음,보행자,남,55세,중상
2085,2018103000100476,2018년 10월 30일 17시,화요일,경상남도 창원시 마산합포구 월영동,사망사고,1,0,0,0,차대사람 - 차도통행중,안전운전불이행,포장 - 건조,맑음,단일로 - 기타,화물,남,70세,상해없음,보행자,남,69세,사망
2086,2018103000100477,2018년 10월 30일 17시,화요일,경상남도 사천시 동금동,경상사고,0,0,1,0,차대사람 - 횡단중,안전운전불이행,포장 - 건조,맑음,교차로 - 교차로안,승용,여,59세,상해없음,보행자,여,59세,경상
2087,2018103000100534,2018년 10월 30일 18시,화요일,경상남도 진주시 금산면,중상사고,0,1,0,0,차대사람 - 횡단중,안전운전불이행,포장 - 건조,맑음,단일로 - 기타,승용,남,53세,상해없음,보행자,여,60세,중상
2088,2018103000100535,2018년 10월 30일 18시,화요일,경상남도 진주시 봉곡동,중상사고,0,1,0,0,차대사람 - 보도통행중,보행자보호의무위반,포장 - 건조,맑음,단일로 - 기타,화물,남,61세,상해없음,보행자,남,70세,중상
2089,2018103000100539,2018년 10월 30일 18시,화요일,경상남도 고성군 동해면,중상사고,0,1,0,0,차대사람 - 차도통행중,중앙선침범,포장 - 건조,맑음,단일로 - 기타,승용,남,65세,상해없음,보행자,여,80세,중상
2090,2018103100100091,2018년 10월 31일 07시,수요일,경상남도 양산시 물금읍,중상사고,0,1,0,0,차대사람 - 차도통행중,안전운전불이행,포장 - 건조,맑음,교차로 - 교차로안,승용,여,36세,상해없음,보행자,여,67세,중상
2091,2018103100100263,2018년 10월 31일 12시,수요일,경상남도 진주시 진성면,중상사고,0,1,0,0,차대사람 - 기타,안전운전불이행,포장 - 건조,맑음,단일로 - 기타,화물,여,62세,상해없음,보행자,남,83세,중상
2092,2018103100100264,2018년 10월 31일 12시,수요일,경상남도 김해시 대동면,중상사고,0,1,0,0,차대사람 - 기타,안전운전불이행,포장 - 건조,맑음,단일로 - 기타,승용,여,38세,상해없음,보행자,여,90세 이상,중상
2093,2018103100100266,2018년 10월 31일 12시,수요일,경상남도 합천군 초계면,중상사고,0,1,0,0,차대사람 - 차도통행중,안전운전불이행,포장 - 건조,맑음,단일로 - 기타,승용,남,73세,상해없음,보행자,여,63세,중상
2094,2018103100100302,2018년 10월 31일 13시,수요일,경상남도 창원시 마산합포구 해운동,중상사고,0,1,0,0,차대사람 - 기타,중앙선침범,포장 - 건조,맑음,교차로 - 교차로부근,승용,여,34세,상해없음,보행자,여,73세,중상
2095,2018103100100332,2018년 10월 31일 14시,수요일,경상남도 거제시 고현동,경상사고,0,0,1,0,차대사람 - 차도통행중,안전운전불이행,포장 - 건조,맑음,단일로 - 기타,승용,여,50세,상해없음,보행자,여,15세,경상
2096,2018103100100413,2018년 10월 31일 16시,수요일,경상남도 창원시 의창구 명서동,경상사고,0,0,2,0,차대사람 - 기타,안전운전불이행,포장 - 건조,맑음,교차로 - 교차로안,승용,여,65세,상해없음,보행자,여,16세,경상
2097,2018103100100414,2018년 10월 31일 16시,수요일,경상남도 김해시 부곡동,중상사고,0,1,1,0,차대사람 - 횡단중,안전운전불이행,포장 - 건조,맑음,단일로 - 기타,화물,남,51세,상해없음,보행자,남,9세,경상
2098,2018103100100451,2018년 10월 31일 17시,수요일,경상남도 진주시 초전동,중상사고,0,1,0,0,차대사람 - 횡단중,신호위반,포장 - 건조,맑음,교차로 - 교차로안,승용,여,45세,상해없음,보행자,남,6세,중상
2099,2018103100100511,2018년 10월 31일 18시,수요일,경상남도 김해시 봉황동,사망사고,1,0,0,0,차대사람 - 기타,안전운전불이행,포장 - 건조,맑음,단일로 - 기타,승용,남,61세,상해없음,보행자,여,64세,사망
2100,2018103100100514,2018년 10월 31일 18시,수요일,경상남도 창원시 의창구 북면,경상사고,0,0,1,0,차대사람 - 횡단중,보행자보호의무위반,포장 - 건조,맑음,교차로 - 교차로횡단보도내,이륜,남,58세,상해없음,보행자,여,56세,경상
2101,2018103100100610,2018년 10월 31일 20시,수요일,경상남도 창원시 성산구 상남동,중상사고,0,1,0,0,차대사람 - 차도통행중,안전운전불이행,포장 - 건조,맑음,단일로 - 기타,이륜,남,27세,상해없음,보행자,여,46세,중상
2102,2018103100100665,2018년 10월 31일 22시,수요일,경상남도 창원시 성산구 상남동,중상사고,0,1,0,0,차대사람 - 횡단중,보행자보호의무위반,포장 - 건조,맑음,교차로 - 교차로횡단보도내,승용,남,35세,상해없음,보행자,남,46세,중상
2103,2018110100100178,2018년 11월 1일 09시,목요일,경상남도 김해시 외동,중상사고,0,1,0,0,차대사람 - 횡단중,안전운전불이행,포장 - 건조,맑음,교차로 - 교차로안,승용,남,64세,상해없음,보행자,여,44세,중상
2104,2018110100100179,2018년 11월 1일 09시,목요일,경상남도 함안군 가야읍,사망사고,1,0,0,0,차대사람 - 횡단중,안전운전불이행,포장 - 건조,맑음,교차로 - 교차로부근,화물,남,52세,상해없음,보행자,여,68세,사망
2105,2018110100100214,2018년 11월 1일 10시,목요일,경상남도 창원시 의창구 명서동,경상사고,0,0,1,0,차대사람 - 횡단중,보행자보호의무위반,포장 - 건조,맑음,교차로 - 교차로횡단보도내,화물,남,64세,상해없음,보행자,여,39세,경상
2106,2018110100100527,2018년 11월 1일 18시,목요일,경상남도 창원시 진해구 용원동,중상사고,0,1,0,0,차대사람 - 횡단중,보행자보호의무위반,포장 - 건조,맑음,교차로 - 교차로안,화물,남,29세,상해없음,보행자,남,56세,중상
2107,2018110200100092,2018년 11월 2일 07시,금요일,경상남도 밀양시 내이동,중상사고,0,1,1,0,차대사람 - 횡단중,안전운전불이행,포장 - 건조,맑음,단일로 - 기타,승용,남,23세,상해없음,보행자,여,70세,경상
2108,2018110200100095,2018년 11월 2일 07시,금요일,경상남도 김해시 무계동,중상사고,0,1,0,0,차대사람 - 횡단중,안전운전불이행,포장 - 건조,맑음,단일로 - 기타,승용,남,51세,상해없음,보행자,여,76세,중상
2109,2018110200100226,2018년 11월 2일 10시,금요일,경상남도 김해시 어방동,경상사고,0,0,1,0,차대사람 - 기타,안전운전불이행,포장 - 건조,맑음,단일로 - 기타,승용,여,41세,상해없음,보행자,여,54세,경상
2110,2018110200100306,2018년 11월 2일 12시,금요일,경상남도 통영시 중앙동,중상사고,0,1,0,0,차대사람 - 횡단중,신호위반,포장 - 건조,맑음,교차로 - 교차로횡단보도내,승용,여,39세,상해없음,보행자,여,69세,중상
2111,2018110200100307,2018년 11월 2일 12시,금요일,경상남도 창원시 의창구 봉곡동,경상사고,0,0,1,0,차대사람 - 기타,기타,포장 - 건조,맑음,기타 - 기타,원동기,남,22세,상해없음,보행자,여,60세,경상
2112,2018110200100353,2018년 11월 2일 13시,금요일,경상남도 의령군 정곡면,경상사고,0,0,1,0,차대사람 - 보도통행중,안전운전불이행,포장 - 건조,맑음,주차장 - 주차장,승용,남,67세,상해없음,보행자,남,60세,경상
2113,2018110200100436,2018년 11월 2일 15시,금요일,경상남도 거제시 상동동,경상사고,0,0,1,0,차대사람 - 횡단중,안전운전불이행,포장 - 건조,맑음,교차로 - 교차로안,승용,남,47세,상해없음,보행자,여,32세,경상
2114,2018110200100484,2018년 11월 2일 16시,금요일,경상남도 통영시 중앙동,중상사고,0,1,0,0,차대사람 - 보도통행중,기타,포장 - 건조,맑음,단일로 - 기타,이륜,남,26세,상해없음,보행자,여,66세,중상
2115,2018110200100622,2018년 11월 2일 18시,금요일,경상남도 밀양시 가곡동,중상사고,0,1,0,0,차대사람 - 기타,안전운전불이행,포장 - 건조,맑음,단일로 - 기타,승용,남,70세,상해없음,보행자,여,78세,중상
2116,2018110200100623,2018년 11월 2일 18시,금요일,경상남도 김해시 구산동,중상사고,0,1,0,0,차대사람 - 횡단중,안전운전불이행,포장 - 건조,맑음,단일로 - 기타,화물,남,42세,상해없음,보행자,여,66세,중상
2117,2018110200100683,2018년 11월 2일 19시,금요일,경상남도 진주시 문산읍,중상사고,0,1,0,0,차대사람 - 횡단중,안전운전불이행,포장 - 건조,맑음,단일로 - 기타,화물,여,48세,상해없음,보행자,여,62세,중상
2118,2018110200100684,2018년 11월 2일 19시,금요일,경상남도 양산시 물금읍,중상사고,0,1,0,0,차대사람 - 횡단중,보행자보호의무위반,포장 - 건조,맑음,교차로 - 교차로안,승용,남,35세,상해없음,보행자,남,16세,중상
2119,2018110200100734,2018년 11월 2일 20시,금요일,경상남도 고성군 하일면,중상사고,0,1,0,0,차대사람 - 횡단중,안전운전불이행,포장 - 건조,맑음,교차로 - 교차로안,승용,남,29세,상해없음,보행자,여,71세,중상
2120,2018110300100156,2018년 11월 3일 09시,토요일,경상남도 통영시 당동,중상사고,0,1,0,0,차대사람 - 기타,안전운전불이행,포장 - 건조,맑음,교차로 - 교차로안,승용,남,61세,상해없음,보행자,여,66세,중상
2121,2018110300100181,2018년 11월 3일 10시,토요일,경상남도 창원시 진해구 속천동,중상사고,0,1,0,0,차대사람 - 횡단중,보행자보호의무위반,포장 - 건조,맑음,교차로 - 교차로안,승용,여,43세,상해없음,보행자,여,58세,중상
2122,2018110300100184,2018년 11월 3일 10시,토요일,경상남도 김해시 진례면,중상사고,0,1,0,0,차대사람 - 횡단중,안전운전불이행,포장 - 건조,맑음,기타 - 기타,화물,남,54세,상해없음,보행자,여,78세,중상
2123,2018110300100233,2018년 11월 3일 11시,토요일,경상남도 진주시 충무공동,경상사고,0,0,1,0,차대사람 - 차도통행중,안전운전불이행,포장 - 건조,맑음,단일로 - 기타,승용,여,56세,상해없음,보행자,여,51세,경상
2124,2018110300100279,2018년 11월 3일 12시,토요일,경상남도 창원시 마산합포구 완월동,중상사고,0,1,0,0,차대사람 - 길가장자리구역통행중,안전운전불이행,포장 - 건조,맑음,교차로 - 교차로안,승용,여,55세,상해없음,보행자,여,74세,중상
2125,2018110300100476,2018년 11월 3일 17시,토요일,경상남도 하동군 진교면,사망사고,1,0,0,0,차대사람 - 횡단중,안전운전불이행,포장 - 건조,맑음,단일로 - 기타,승용,남,54세,상해없음,보행자,남,85세,사망
2126,2018110300100525,2018년 11월 3일 18시,토요일,경상남도 사천시 송포동,경상사고,0,0,1,0,차대사람 - 길가장자리구역통행중,안전운전불이행,포장 - 건조,맑음,주차장 - 주차장,승용,남,54세,상해없음,보행자,남,54세,경상
2127,2018110300100631,2018년 11월 3일 22시,토요일,경상남도 김해시 외동,중상사고,0,1,0,0,차대사람 - 길가장자리구역통행중,기타,포장 - 건조,맑음,교차로 - 교차로안,이륜,남,35세,상해없음,보행자,남,51세,중상
2128,2018110400100049,2018년 11월 4일 03시,일요일,경상남도 김해시 풍유동,중상사고,0,1,0,0,차대사람 - 횡단중,안전운전불이행,포장 - 건조,맑음,단일로 - 기타,승용,남,63세,상해없음,보행자,남,43세,중상
2129,2018110400100118,2018년 11월 4일 09시,일요일,경상남도 창원시 진해구 석동,경상사고,0,0,1,0,차대사람 - 횡단중,신호위반,포장 - 건조,맑음,교차로 - 교차로횡단보도내,승용,남,63세,상해없음,보행자,여,10세,경상
2130,2018110400100146,2018년 11월 4일 10시,일요일,경상남도 거제시 거제면,중상사고,0,1,0,0,차대사람 - 기타,안전운전불이행,포장 - 건조,맑음,단일로 - 기타,승용,남,61세,상해없음,보행자,남,56세,중상
2131,2018110400100169,2018년 11월 4일 11시,일요일,경상남도 통영시 항남동,경상사고,0,0,1,0,차대사람 - 기타,안전운전불이행,포장 - 건조,맑음,단일로 - 기타,승용,남,66세,상해없음,보행자,여,23세,경상
2132,2018110400100170,2018년 11월 4일 11시,일요일,경상남도 사천시 서포면,중상사고,0,1,0,0,차대사람 - 기타,안전운전불이행,포장 - 건조,맑음,단일로 - 기타,승용,남,58세,상해없음,보행자,여,68세,중상
2133,2018110500100005,2018년 11월 5일 00시,월요일,경상남도 거창군 거창읍,중상사고,0,1,1,0,차대사람 - 횡단중,안전운전불이행,포장 - 건조,맑음,단일로 - 기타,이륜,남,57세,경상,보행자,남,53세,중상
2134,2018110500100058,2018년 11월 5일 06시,월요일,경상남도 진주시 상대동,경상사고,0,0,1,0,차대사람 - 횡단중,안전운전불이행,포장 - 건조,맑음,단일로 - 기타,화물,남,42세,상해없음,보행자,남,23세,경상
2135,2018110500100060,2018년 11월 5일 06시,월요일,경상남도 의령군 정곡면,사망사고,1,0,0,0,차대사람 - 차도통행중,안전운전불이행,포장 - 젖음/습기,안개,단일로 - 지하차도(도로)내,건설기계,남,48세,상해없음,보행자,남,76세,사망
2136,2018110500100128,2018년 11월 5일 08시,월요일,경상남도 산청군 산청읍,경상사고,0,0,1,0,차대사람 - 차도통행중,안전운전불이행,포장 - 건조,맑음,단일로 - 기타,승용,여,58세,상해없음,보행자,남,29세,경상
2137,2018110500100164,2018년 11월 5일 09시,월요일,경상남도 진주시 대안동,경상사고,0,0,1,0,차대사람 - 기타,안전운전불이행,포장 - 건조,맑음,교차로 - 교차로안,승용,남,72세,상해없음,보행자,남,57세,경상
2138,2018110500100250,2018년 11월 5일 11시,월요일,경상남도 통영시 정량동,경상사고,0,0,1,0,차대사람 - 횡단중,보행자보호의무위반,포장 - 건조,맑음,단일로 - 기타,화물,남,27세,상해없음,보행자,남,44세,경상
2139,2018110500100544,2018년 11월 5일 18시,월요일,경상남도 하동군 하동읍,경상사고,0,0,1,0,차대사람 - 횡단중,보행자보호의무위반,포장 - 건조,맑음,단일로 - 기타,승용,남,74세,상해없음,보행자,남,44세,경상
2140,2018110500100546,2018년 11월 5일 18시,월요일,경상남도 거제시 능포동,경상사고,0,0,1,0,차대사람 - 횡단중,보행자보호의무위반,포장 - 건조,맑음,교차로 - 교차로횡단보도내,승합,남,47세,상해없음,보행자,남,50세,경상
2141,2018110500100615,2018년 11월 5일 20시,월요일,경상남도 진주시 강남동,중상사고,0,1,0,0,차대사람 - 횡단중,보행자보호의무위반,포장 - 건조,맑음,교차로 - 교차로안,승용,남,35세,상해없음,보행자,여,53세,중상
2142,2018110600100007,2018년 11월 6일 00시,화요일,경상남도 진주시 인사동,중상사고,0,2,0,0,차대사람 - 횡단중,보행자보호의무위반,포장 - 건조,맑음,단일로 - 기타,승합,남,36세,상해없음,보행자,남,53세,중상
2143,2018110600100110,2018년 11월 6일 08시,화요일,경상남도 김해시 율하동,중상사고,0,1,0,0,차대사람 - 보도통행중,신호위반,포장 - 건조,맑음,교차로 - 교차로횡단보도내,승용,여,46세,상해없음,보행자,남,8세,중상
2144,2018110600100152,2018년 11월 6일 09시,화요일,경상남도 거제시 옥포동,중상사고,0,1,0,0,차대사람 - 횡단중,보행자보호의무위반,포장 - 건조,맑음,교차로 - 교차로횡단보도내,승용,여,53세,상해없음,보행자,여,76세,중상
2145,2018110600100250,2018년 11월 6일 12시,화요일,경상남도 거창군 거창읍,중상사고,0,1,0,0,차대사람 - 차도통행중,안전운전불이행,포장 - 건조,맑음,교차로 - 교차로안,승용,남,60세,상해없음,보행자,여,60세,중상
2146,2018110600100340,2018년 11월 6일 15시,화요일,경상남도 진주시 인사동,경상사고,0,0,1,0,차대사람 - 보도통행중,기타,포장 - 건조,맑음,기타 - 기타,기타불명,기타불명,미분류,기타불명,보행자,여,43세,경상
2147,2018110600100416,2018년 11월 6일 17시,화요일,경상남도 창원시 마산합포구 동성동,중상사고,0,1,0,0,차대사람 - 횡단중,보행자보호의무위반,포장 - 건조,맑음,교차로 - 교차로횡단보도내,승용,여,55세,상해없음,보행자,남,70세,중상